http://www.amazon.com/s?ie=UTF8&bbn=10445813011&page=1&rh=n%3A7141123011%2Cn%3A10445813011%2Cn%3A7147440011%2Cn%3A679337011%2Cn%3A6127771011%2Cn%3A3412245011%2Cp_85%3A2470955011,Other Sports Shoes,Women's Racquet Sport Shoes
http://www.amazon.com/s?ie=UTF8&bbn=10445813011&page=1&rh=n%3A7141123011%2Cn%3A10445813011%2Cn%3A7147440011%2Cn%3A679337011%2Cn%3A6127771011%2Cn%3A679365011%2Cp_85%3A2470955011,Other Sports Shoes,Women's Athletic & Outdoor Sandals
http://www.amazon.com/s?ie=UTF8&bbn=10445813011&page=1&rh=n%3A7141123011%2Cn%3A10445813011%2Cn%3A7147440011%2Cn%3A679337011%2Cn%3A6127771011%2Cn%3A679360011,Women's Running Shoes,Shoes
http://www.amazon.com/s?ie=UTF8&bbn=10445813011&page=1&rh=n%3A7141123011%2Cn%3A10445813011%2Cn%3A7147440011%2Cn%3A679337011%2Cn%3A6127771011%2Cn%3A1264582011%2Cp_85%3A2470955011,Women's Running Shoes,Women's Trail Running Shoes
http://www.amazon.com/s?ie=UTF8&bbn=10445813011&page=1&rh=n%3A7141123011%2Cn%3A10445813011%2Cn%3A7147440011%2Cn%3A679337011%2Cn%3A6127771011%2Cn%3A3412255011%2Cp_85%3A2470955011,Women's Running Shoes,Women's Track & Field & Cross Country Shoes
http://www.amazon.com/s?ie=UTF8&bbn=10445813011&page=1&rh=n%3A7141123011%2Cn%3A10445813011%2Cn%3A7147440011%2Cn%3A679337011%2Cn%3A679399011%2Cp_85%3A2470955011,Women's Fashion Shoes,Women's Flats
http://www.amazon.com/s?ie=UTF8&bbn=10445813011&page=1&rh=n%3A7141123011%2Cn%3A10445813011%2Cn%3A7147440011%2Cn%3A679337011%2Cn%3A679404011%2Cp_85%3A2470955011,Women's Fashion Shoes,Women's Loafers & Slip-Ons
http://www.amazon.com/s?ie=UTF8&bbn=10445813011&page=1&rh=n%3A7141123011%2Cn%3A10445813011%2Cn%3A7147440011%2Cn%3A679337011%2Cn%3A679394011%2Cp_85%3A2470955011,Women's Fashion Shoes,Women's Fashion Sneakers
http://www.amazon.com/s?ie=UTF8&bbn=10445813011&page=1&rh=n%3A7141123011%2Cn%3A10445813011%2Cn%3A7147440011%2Cn%3A679337011%2Cn%3A679415011%2Cp_85%3A2470955011,Women's Fashion Shoes,Women's Oxfords
http://www.amazon.com/s?ie=UTF8&bbn=10445813011&page=1&rh=n%3A7141123011%2Cn%3A10445813011%2Cn%3A7147440011%2Cn%3A679337011%2Cn%3A679410011%2Cp_85%3A2470955011,Women's Fashion Shoes,Women's Mules & Clogs
http://www.amazon.com/s?ie=UTF8&bbn=10445813011&page=1&rh=n%3A7141123011%2Cn%3A10445813011%2Cn%3A7147440011%2Cn%3A679337011%2Cn%3A679433011%2Cp_85%3A2470955011,Women's Fashion Shoes,Women's Slippers
http://www.amazon.com/s?ie=UTF8&bbn=10445813011&page=1&rh=n%3A7141123011%2Cn%3A10445813011%2Cn%3A7147440011%2Cn%3A679337011%2Cn%3A679380011%2Cp_85%3A2470955011,Women's Fashion Shoes,Women's Boots
http://www.amazon.com/s?ie=UTF8&bbn=10445813011&page=1&rh=n%3A7141123011%2Cn%3A10445813011%2Cn%3A7147440011%2Cn%3A679337011%2Cn%3A679425011%2Cp_85%3A2470955011,Women's Fashion Shoes,Women's Sandals
http://www.amazon.com/s?ie=UTF8&bbn=10445813011&page=1&rh=n%3A7141123011%2Cn%3A10445813011%2Cn%3A7147440011%2Cn%3A679337011%2Cn%3A679416011%2Cp_85%3A2470955011,Women's Fashion Shoes,Women's Pumps
http://www.amazon.com/s?ie=UTF8&bbn=10445813011&page=1&rh=n%3A7141123011%2Cn%3A10445813011%2Cn%3A7147440011%2Cn%3A679337011%2Cn%3A6127767011%2Cp_85%3A2470955011,Women's Fashion Shoes,Women's Outdoor Shoes
http://www.amazon.com/s?ie=UTF8&bbn=11651037011&page=1&rh=n%3A7141123011%2Cn%3A11651037011%2Cp_85%3A2470955011,Women's Fashion Accessories,Mini Bags
http://www.amazon.com/s?ie=UTF8&bbn=12740654011&page=1&rh=n%3A7141123011%2Cn%3A12740654011%2Cp_36%3A-100000%2Cp_85%3A2470955011,Women's Fashion Accessories,Best of Dress Watches
http://www.amazon.com/s?ie=UTF8&bbn=10445813011&page=1&rh=n%3A7141123011%2Cn%3A10445813011%2Cn%3A7147440011%2Cn%3A6358543011%2Cn%3A6358546011%2Cp_36%3A-100000%2Cp_85%3A2470955011,Women's Fashion Accessories,Women's Pocket Watches
http://www.amazon.com/s?ie=UTF8&bbn=10445813011&page=1&rh=n%3A7141123011%2Cn%3A10445813011%2Cn%3A7147440011%2Cn%3A2474936011%2Cn%3A7072324011%2Cp_85%3A2470955011,Women's Fashion Accessories,Women's Scarves & Wraps
http://www.amazon.com/s?ie=UTF8&bbn=13158487011&page=1&rh=n%3A7141123011%2Cn%3A13158487011%2Cp_85%3A2470955011,Women's Fashion Accessories,Winter Wallets
http://www.amazon.com/s?ie=UTF8&bbn=10445813011&page=1&rh=n%3A7141123011%2Cn%3A10445813011%2Cn%3A7147440011%2Cn%3A2474936011%2Cn%3A7072325011%2Cp_85%3A2470955011,Women's Fashion Accessories,Women's Special Occasion Accessories
http://www.amazon.com/s?ie=UTF8&bbn=10445813011&page=1&rh=n%3A7141123011%2Cn%3A10445813011%2Cn%3A7147440011%2Cn%3A2474936011%2Cn%3A7072326011%2Cp_85%3A2470955011,Women's Fashion Accessories,"Women's Wallets, Card Cases & Money Organizers"
http://www.amazon.com/s?ie=UTF8&bbn=10445813011&page=1&rh=n%3A7141123011%2Cn%3A10445813011%2Cn%3A7147440011%2Cn%3A2474936011%2Cn%3A2474962011%2Cp_85%3A2470955011,Women's Fashion Accessories,Women's  Earmuffs
http://www.amazon.com/s?ie=UTF8&bbn=10445813011&page=1&rh=n%3A7141123011%2Cn%3A10445813011%2Cn%3A7147440011%2Cn%3A2474936011%2Cn%3A7072327011%2Cp_85%3A2470955011,Women's Fashion Accessories,Women's Handbag Accessories
http://www.amazon.com/s?ie=UTF8&bbn=10445813011&page=1&rh=n%3A7141123011%2Cn%3A10445813011%2Cn%3A7147440011%2Cn%3A6358543011%2Cn%3A6358544011%2Cp_36%3A-100000%2Cp_85%3A2470955011,Women's Fashion Accessories,Women's Wrist Watches
http://www.amazon.com/s?ie=UTF8&bbn=9121266011&page=1&rh=n%3A7141123011%2Cn%3A9121266011%2Cp_36%3A-100000%2Cp_85%3A2470955011,Women's Fashion Accessories,Women's Athletic Watches
http://www.amazon.com/s?ie=UTF8&bbn=12740651011&page=1&rh=n%3A7141123011%2Cn%3A12740651011%2Cp_36%3A-100000%2Cp_85%3A2470955011,Women's Fashion Accessories,Best of Leather Straps
http://www.amazon.com/s?ie=UTF8&bbn=12740650011&page=1&rh=n%3A7141123011%2Cn%3A12740650011%2Cp_36%3A-100000%2Cp_85%3A2470955011,Women's Fashion Accessories,Holiday Watch Gift Sets
http://www.amazon.com/s?ie=UTF8&bbn=12740649011&page=1&rh=n%3A7141123011%2Cn%3A12740649011%2Cp_36%3A-100000%2Cp_85%3A2470955011,Women's Fashion Accessories,Classic Metal Bracelets
http://www.amazon.com/s?ie=UTF8&bbn=11651044011&page=1&rh=n%3A7141123011%2Cn%3A11651044011%2Cp_85%3A2470955011,Women's Fashion Accessories,Carry All Totes
http://www.amazon.com/s?ie=UTF8&bbn=12740652011&page=1&rh=n%3A7141123011%2Cn%3A12740652011%2Cp_36%3A-100000%2Cp_85%3A2470955011,Women's Fashion Accessories,Fashion Watches Under $50
http://www.amazon.com/s?ie=UTF8&bbn=10445813011&page=1&rh=n%3A7141123011%2Cn%3A10445813011%2Cn%3A7147440011%2Cn%3A2474936011%2Cn%3A2475896011%2Cp_85%3A2470955011,Women's Fashion Accessories,Women's Keyrings & Keychains
http://www.amazon.com/s?ie=UTF8&bbn=10445813011&page=1&rh=n%3A7141123011%2Cn%3A10445813011%2Cn%3A7147440011%2Cn%3A2474936011%2Cn%3A2474945011%2Cp_85%3A2470955011,Women's Fashion Accessories,Women's Hats & Caps
http://www.amazon.com/s?ie=UTF8&bbn=13158486011&page=1&rh=n%3A7141123011%2Cn%3A13158486011%2Cp_85%3A2470955011,Women's Fashion Accessories,Winter Satchels
http://www.amazon.com/s?ie=UTF8&bbn=10445813011&page=1&rh=n%3A7141123011%2Cn%3A10445813011%2Cn%3A7147440011%2Cn%3A2474936011%2Cn%3A2474940011%2Cp_85%3A2470955011,Women's Fashion Accessories,Women's Belts
http://www.amazon.com/s?ie=UTF8&bbn=10445813011&page=1&rh=n%3A7141123011%2Cn%3A10445813011%2Cn%3A7147440011%2Cn%3A2474936011%2Cn%3A7072322011%2Cp_85%3A2470955011,Women's Fashion Accessories,Women's Gloves & Mittens
http://www.amazon.com/s?ie=UTF8&bbn=12740653011&page=1&rh=n%3A7141123011%2Cn%3A12740653011%2Cp_36%3A-100000%2Cp_85%3A2470955011,Women's Fashion Accessories,Top Casual Styles
http://www.amazon.com/s?ie=UTF8&bbn=10445813011&page=1&rh=n%3A7141123011%2Cn%3A10445813011%2Cn%3A7147440011%2Cn%3A2474936011%2Cn%3A7072321011%2Cp_85%3A2470955011,Women's Fashion Accessories,Women's Sunglasses & Eyewear Accessories
http://www.amazon.com/s?ie=UTF8&bbn=166508011&page=1&rh=n%3A165793011%2Cn%3A%21165795011%2Cn%3A166508011%2Cp_85%3A2470955011,Toys and Games,Toy Remote Control & Play Vehicles
http://www.amazon.com/s?ie=UTF8&bbn=165993011&page=1&rh=n%3A165793011%2Cn%3A%21165795011%2Cn%3A165993011%2Cp_85%3A2470955011,Toys and Games,Toy Figures & Playsets
http://www.amazon.com/s?ie=UTF8&bbn=166420011&page=1&rh=n%3A165793011%2Cn%3A%21165795011%2Cn%3A166420011%2Cp_85%3A2470955011,Toys and Games,Sports & Outdoor Play Toys
http://www.amazon.com/s?ie=UTF8&bbn=166092011&page=1&rh=n%3A165793011%2Cn%3A%21165795011%2Cn%3A166092011%2Cp_85%3A2470955011,Toys and Games,Building Toys
http://www.amazon.com/s?ie=UTF8&bbn=166164011&page=1&rh=n%3A165793011%2Cn%3A%21165795011%2Cn%3A166164011%2Cp_85%3A2470955011,Toys and Games,Electronics for Kids
http://www.amazon.com/s?ie=UTF8&bbn=3226142011&page=1&rh=n%3A165793011%2Cn%3A%21165795011%2Cn%3A3226142011%2Cp_85%3A2470955011,Toys and Games,Grown-Up Toys
http://www.amazon.com/s/ref=lp_617647011_nr_p_85_0?fst=as%3Aoff&rh=n%3A172282%2Cn%3A%21493964%2Cn%3A172526%2Cn%3A219536011%2Cn%3A617647011%2Cp_85%3A2470955011&bbn=617647011&ie=UTF8&qid=1448703903&rnid=2470954011,Sports Equipment,Running GPS Units
http://www.amazon.com/s?ie=UTF8&bbn=10824740011&page=1&rh=n%3A172282%2Cn%3A%2113900851%2Cn%3A%212334089011%2Cn%3A%212334151011%2Cn%3A10824740011%2Cp_85%3A2470955011,Sports Equipment,Gesture Control & Entertainment
http://www.amazon.com/s?ie=UTF8&bbn=219367011&page=1&rh=n%3A3375251%2Cn%3A%213375301%2Cn%3A10971181011%2Cn%3A3394801%2Cn%3A219367011%2Cp_85%3A2470955011,Sports Equipment,Electronics & Gadgets
http://www.amazon.com/s/ref=lp_3411051_nr_p_85_0?fst=as%3Aoff&rh=n%3A3375251%2Cn%3A%213375301%2Cn%3A10971181011%2Cn%3A3410851%2Cn%3A3411021%2Cn%3A3411051%2Cp_85%3A2470955011&bbn=3411051&ie=UTF8&qid=1448702993&rnid=2470954011,Sports Equipment,Golf Divot Tools
http://www.amazon.com/s?ie=UTF8&bbn=3422351&page=1&rh=n%3A3375251%2Cn%3A%213375301%2Cn%3A10971181011%2Cn%3A3422351%2Cp_85%3A2470955011,Sports Equipment,Sports Medicine Products
http://www.amazon.com/s?ie=UTF8&bbn=3411001&page=1&rh=n%3A172282%2Cn%3A%21493964%2Cn%3A172526%2Cn%3A219536011%2Cn%3A3411001%2Cp_85%3A2470955011,Sports Equipment,Golf Course GPS Units
http://www.amazon.com/s?ie=UTF8&bbn=11051400011&page=1&rh=n%3A3375251%2Cn%3A%213375301%2Cn%3A706814011%2Cn%3A11051400011%2Cn%3A2403094011%2Cp_85%3A2470955011,Sports Equipment,Water Bottle Accessories
http://www.amazon.com/s?ie=UTF8&bbn=3404731&page=1&rh=n%3A3375251%2Cn%3A%213375301%2Cn%3A706814011%2Cn%3A3403201%2Cn%3A3404731%2Cp_85%3A2470955011,Sports Equipment,Bike Components & Parts
http://www.amazon.com/s?ie=UTF8&bbn=10184604011&page=1&rh=n%3A3375251%2Cn%3A%213375301%2Cn%3A706814011%2Cn%3A11051400011%2Cn%3A10184604011%2Cp_85%3A2470955011,Sports Equipment,Accessory & Keychain Carabiners
http://www.amazon.com/s?ie=UTF8&bbn=9959132011&page=1&rh=n%3A3375251%2Cn%3A%2111130423011%2Cn%3A%2111130517011%2Cn%3A%2111130520011%2Cn%3A9959132011%2Cp_85%3A2470955011,Sports Equipment,Smart Sport Accessories
http://www.amazon.com/s/ref=sr_nr_p_85_0?fst=as%3Aoff&rh=n%3A3375251%2Cn%3A%213375301%2Cn%3A10971181011%2Cn%3A3410851%2Cn%3A3411341%2Cn%3A3411401%2Cp_85%3A2470955011&bbn=3411401&hidden-keywords=-potty&ie=UTF8&qid=1448704147&rnid=2470954011,Sports Equipment,Golf Swing Trainers
http://www.amazon.com/s?ie=UTF8&bbn=698866011&page=1&rh=n%3A3375251%2Cn%3A%213375301%2Cn%3A10971181011%2Cn%3A3407731%2Cn%3A5393952011%2Cn%3A698866011%2Cp_85%3A2470955011,Sports Equipment,Stopwatches
http://www.amazon.com/s/ref=lp_1272832011_nr_p_85_0?fst=as%3Aoff&rh=n%3A3375251%2Cn%3A%213375301%2Cn%3A10971181011%2Cn%3A3407731%2Cn%3A1272832011%2Cp_85%3A2470955011&bbn=1272832011&ie=UTF8&qid=1448703023&rnid=2470954011,Sports Equipment,Exercise & Fitness DVDs
http://www.amazon.com/s/ref=lp_378526011_nr_p_85_0?fst=as%3Aoff&rh=n%3A3375251%2Cn%3A%213375301%2Cn%3A706814011%2Cn%3A11051400011%2Cn%3A378526011%2Cp_85%3A2470955011&bbn=378526011&ie=UTF8&qid=1448704160&rnid=2470954011,Sports Equipment,Sport Watches
http://www.amazon.com/s/ref=lp_3407931_nr_p_85_0?fst=as%3Aoff&rh=n%3A3375251%2Cn%3A%213375301%2Cn%3A10971181011%2Cn%3A3407731%2Cn%3A3407891%2Cn%3A3407931%2Cp_85%3A2470955011&bbn=3407931&ie=UTF8&qid=1448703041&rnid=2470954011,Sports Equipment,Exercise Bands
http://www.amazon.com/s?ie=UTF8&bbn=378526011&page=1&rh=n%3A3375251%2Cn%3A%213375301%2Cn%3A706814011%2Cn%3A11051400011%2Cn%3A378526011%2Cp_36%3A-100000%2Cp_85%3A2470955011,Sports Equipment,Sport Watches
http://www.amazon.com/s/ref=lp_3422341_nr_p_85_0?fst=as%3Aoff&rh=n%3A3375251%2Cn%3A%213375301%2Cn%3A10971181011%2Cn%3A3407731%2Cn%3A3422251%2Cn%3A3422341%2Cp_85%3A2470955011&bbn=3422341&ie=UTF8&qid=1448703067&rnid=2470954011,Sports Equipment,Yoga Straps
http://www.amazon.com/s?ie=UTF8&bbn=8916179011&page=1&rh=n%3A172282%2Cn%3A%2113900851%2Cn%3A%212334089011%2Cn%3A%212334151011%2Cn%3A8916179011%2Cp_85%3A2470955011,Sports Equipment,Wearable Technology: Running Watches & Devices
http://www.amazon.com/s/ref=lp_3410981_nr_p_85_0?fst=as%3Aoff&rh=n%3A3375251%2Cn%3A%213375301%2Cn%3A10971181011%2Cn%3A3410851%2Cn%3A3410861%2Cn%3A3410981%2Cp_85%3A2470955011&bbn=3410981&ie=UTF8&qid=1448703082&rnid=2470954011,Sports Equipment,Golf Club Head Covers
http://www.amazon.com/s/ref=sr_nr_p_85_0?fst=as%3Aoff&rh=n%3A3375251%2Cn%3A%213375301%2Cn%3A10971181011%2Cn%3A3407731%2Cn%3A5393952011%2Cn%3A698866011%2Cp_85%3A2470955011&bbn=5393952011&ie=UTF8&qid=1448704227&rnid=2470954011,Sports Equipment,Stopwatches
http://www.amazon.com/s?ie=UTF8&bbn=672097011&page=1&rh=n%3A10971181011%2Cn%3A3375251%2Cn%3A%213375301%2Cn%3A3407731%2Cn%3A3416071%2Cn%3A672097011%2Ck%3Afitness%20accessories%2Cp_85%3A2470955011,Sports Equipment,Running Waist Packs
http://www.amazon.com/s?ie=UTF8&bbn=11051400011&page=1&rh=n%3A3375251%2Cn%3A%213375301%2Cn%3A706814011%2Cn%3A11051400011%2Cn%3A3395091%2Cp_85%3A2470955011,Sports Equipment,Water Bottles
http://www.amazon.com/s?ie=UTF8&bbn=2204481011&page=1&rh=n%3A3375251%2Cn%3A%213375301%2Cn%3A10971181011%2Cn%3A3394801%2Cn%3A2204481011%2Cp_85%3A2470955011,Sports Equipment,Sunglasses
http://www.amazon.com/s/ref=lp_3411301_nr_p_85_0?fst=as%3Aoff&rh=n%3A3375251%2Cn%3A%213375301%2Cn%3A10971181011%2Cn%3A3410851%2Cn%3A3411301%2Cp_85%3A2470955011&bbn=3411301&ie=UTF8&qid=1448703098&rnid=2470954011,Sports Equipment,Golf Gloves
http://www.amazon.com/s/ref=lp_3407971_nr_p_85_0?fst=as%3Aoff&rh=n%3A3375251%2Cn%3A%213375301%2Cn%3A10971181011%2Cn%3A3407731%2Cn%3A5393952011%2Cn%3A3407971%2Cp_85%3A2470955011&bbn=3407971&ie=UTF8&qid=1448704256&rnid=2470954011,Sports Equipment,Heart Rate Monitors
http://www.amazon.com/s/ref=sr_nr_p_85_0?fst=as%3Aoff&rh=n%3A3375251%2Cn%3A%213375301%2Cn%3A10971181011%2Cn%3A3410851%2Cn%3A3411341%2Cn%3A3411391%2Cp_85%3A2470955011&bbn=3411391&hidden-keywords=-potty&ie=UTF8&qid=1448704265&rnid=2470954011,Sports Equipment,Golf Strength Trainers
http://www.amazon.com/s/ref=lp_5393952011_nr_p_85_0?fst=as%3Aoff&rh=n%3A3375251%2Cn%3A%213375301%2Cn%3A10971181011%2Cn%3A3407731%2Cn%3A5393952011%2Cp_85%3A2470955011&bbn=5393952011&ie=UTF8&qid=1448703118&rnid=2470954011,Sports Equipment,Fitness Technology
http://www.amazon.com/s?ie=UTF8&bbn=196601011&page=1&rh=n%3A165793011%2Cn%3A%21165795011%2Cn%3A196601011%2Cp_85%3A2470955011,Sports Equipment,Baby & Toddler Toys
http://www.amazon.com/s?ie=UTF8&bbn=3395071&page=1&rh=n%3A3375251%2Cn%3A%213375301%2Cn%3A706814011%2Cn%3A11051400011%2Cn%3A3395071%2Cp_85%3A2470955011,Sports Equipment,Reflective Gear
http://www.amazon.com/s/ref=lp_5393958011_nr_p_85_0?fst=as%3Aoff&rh=n%3A3375251%2Cn%3A%213375301%2Cn%3A10971181011%2Cn%3A3407731%2Cn%3A5393952011%2Cn%3A5393958011%2Cp_85%3A2470955011&bbn=5393958011&ie=UTF8&qid=1448704292&rnid=2470954011,Sports Equipment,Fitness Trackers
http://www.amazon.com/s?ie=UTF8&bbn=3411111&page=1&rh=n%3A3375251%2Cn%3A%213375301%2Cn%3A10971181011%2Cn%3A3410851%2Cn%3A3411111%2Cp_85%3A2470955011,Sports Equipment,Golf Range Finders
http://www.amazon.com/s?ie=UTF8&bbn=5393952011&page=1&rh=n%3A3375251%2Cn%3A%213375301%2Cn%3A10971181011%2Cn%3A3407731%2Cn%3A5393952011%2Cn%3A219599011,Sports Equipment,Pedometers
http://www.amazon.com/s?ie=UTF8&bbn=10445813011&page=1&rh=n%3A7141123011%2Cn%3A10445813011%2Cn%3A7147441011%2Cn%3A679255011%2Cn%3A6127770011%2Cn%3A10294506011%2Cn%3A679302011%2Cp_85%3A2470955011,Other Sports Shoes,Men's Volleyball Shoes
http://www.amazon.com/s/ref=lp_679370011_nr_p_85_0?fst=as%3Aoff&rh=n%3A7141123011%2Cn%3A10445813011%2Cn%3A7147440011%2Cn%3A679337011%2Cn%3A6127771011%2Cn%3A10294505011%2Cn%3A679370011%2Cp_85%3A2470955011&bbn=10445813011&ie=UTF8&qid=1448703928&rnid=2470954011,Other Sports Shoes,Women's Soccer Shoes
http://www.amazon.com/s/ref=sr_nr_p_85_0?fst=as%3Aoff&rh=n%3A7141123011%2Cn%3A10445813011%2Cn%3A7147442011%2Cn%3A679217011%2Cn%3A6127769011%2Cn%3A3420787011%2Cp_85%3A2470955011&bbn=10445813011&ie=UTF8&qid=1448703959&rnid=2470954011,Other Sports Shoes,Girls' Basketball Shoes
http://www.amazon.com/s/ref=sr_nr_p_85_0?fst=as%3Aoff&rh=n%3A7141123011%2Cn%3A10445813011%2Cn%3A7147443011%2Cn%3A679182011%2Cn%3A6127768011%2Cn%3A3420515011%2Cp_85%3A2470955011&bbn=10445813011&ie=UTF8&qid=1448704029&rnid=2470954011,Other Sports Shoes,Boys' Basketball Shoes
http://www.amazon.com/s?ie=UTF8&bbn=10445813011&page=1&rh=n%3A7141123011%2Cn%3A10445813011%2Cn%3A7147441011%2Cn%3A679255011%2Cn%3A6127770011%2Cn%3A3420973011%2Cp_85%3A2470955011,Other Sports Shoes,Men's Track & Field & Cross Country Shoes
http://www.amazon.com/s/ref=lp_679378011_nr_p_85_0?fst=as%3Aoff&rh=n%3A7141123011%2Cn%3A10445813011%2Cn%3A7147440011%2Cn%3A679337011%2Cn%3A6127771011%2Cn%3A679378011%2Cp_85%3A2470955011&bbn=10445813011&ie=UTF8&qid=1448704004&rnid=2470954011,Other Sports Shoes,Women's Water Shoes
http://www.amazon.com/s?ie=UTF8&bbn=10445813011&page=1&rh=n%3A7141123011%2Cn%3A10445813011%2Cn%3A7147441011%2Cn%3A679255011%2Cn%3A6127770011%2Cn%3A679304011%2Cp_85%3A2470955011,Other Sports Shoes,Men's Water Shoes
http://www.amazon.com/s?ie=UTF8&bbn=10445813011&page=1&rh=n%3A7141123011%2Cn%3A10445813011%2Cn%3A7147441011%2Cn%3A679255011%2Cn%3A6127770011%2Cn%3A10294506011%2Cn%3A679296011%2Cp_85%3A2470955011,Other Sports Shoes,Men's Soccer Shoes
http://www.amazon.com/s/ref=sr_nr_p_85_0?fst=as%3Aoff&rh=n%3A7141123011%2Cn%3A10445813011%2Cn%3A7147442011%2Cn%3A679217011%2Cn%3A6127769011%2Cn%3A3420825011%2Cp_85%3A2470955011&bbn=10445813011&ie=UTF8&qid=1448705497&rnid=2470954011,Other Sports Shoes,Girls' Soccer Shoes
http://www.amazon.com/s/ref=sr_nr_p_85_0?fst=as%3Aoff&rh=n%3A7141123011%2Cn%3A10445813011%2Cn%3A7147443011%2Cn%3A679182011%2Cn%3A6127768011%2Cn%3A3420561011%2Cp_85%3A2470955011&bbn=10445813011&ie=UTF8&qid=1448704097&rnid=2470954011,Other Sports Shoes,Boys' Water Shoes
http://www.amazon.com/s/ref=sr_nr_p_85_0?fst=as%3Aoff&rh=n%3A7141123011%2Cn%3A10445813011%2Cn%3A7147442011%2Cn%3A679217011%2Cn%3A6127769011%2Cn%3A3420822011%2Cp_85%3A2470955011&bbn=10445813011&ie=UTF8&qid=1448704130&rnid=2470954011,Other Sports Shoes,Girls' Trail Running Shoes
http://www.amazon.com/s?ie=UTF8&bbn=10445813011&page=1&rh=n%3A7141123011%2Cn%3A10445813011%2Cn%3A7147441011%2Cn%3A679255011%2Cn%3A6127770011%2Cn%3A3420963011%2Cn%3A679300011%2Cp_85%3A2470955011,Other Sports Shoes,Men's Tennis Shoes
http://www.amazon.com/s/ref=lp_679376011_nr_p_85_0?fst=as%3Aoff&rh=n%3A7141123011%2Cn%3A10445813011%2Cn%3A7147440011%2Cn%3A679337011%2Cn%3A6127771011%2Cn%3A10294505011%2Cn%3A679376011%2Cp_85%3A2470955011&bbn=10445813011&ie=UTF8&qid=1448704138&rnid=2470954011,Other Sports Shoes,Women's Volleyball Shoes
http://www.amazon.com/s?ie=UTF8&bbn=10445813011&page=1&rh=n%3A7141123011%2Cn%3A10445813011%2Cn%3A7147441011%2Cn%3A679255011%2Cn%3A6127770011%2Cn%3A679305011%2Cp_85%3A2470955011,Other Sports Shoes,Men's Wrestling Shoes
http://www.amazon.com/s/ref=lp_679353011_nr_p_85_0?fst=as%3Aoff&rh=n%3A7141123011%2Cn%3A10445813011%2Cn%3A7147440011%2Cn%3A679337011%2Cn%3A6127771011%2Cn%3A679353011%2Cp_85%3A2470955011&bbn=10445813011&ie=UTF8&qid=1448704171&rnid=2470954011,Other Sports Shoes,Women's Golf Shoes
http://www.amazon.com/s/ref=sr_nr_p_85_0?fst=as%3Aoff&rh=n%3A7141123011%2Cn%3A10445813011%2Cn%3A7147443011%2Cn%3A679182011%2Cn%3A6127768011%2Cn%3A3420554011%2Cp_85%3A2470955011&bbn=10445813011&ie=UTF8&qid=1448704179&rnid=2470954011,Other Sports Shoes,Boys' Soccer Shoes
http://www.amazon.com/s/ref=sr_nr_p_85_0?fst=as%3Aoff&rh=n%3A7141123011%2Cn%3A10445813011%2Cn%3A7147443011%2Cn%3A679182011%2Cn%3A6127768011%2Cn%3A3420551011%2Cp_85%3A2470955011&bbn=10445813011&ie=UTF8&qid=1448704197&rnid=2470954011,Other Sports Shoes,Boys' Trail Running Shoes
http://www.amazon.com/s/ref=lp_3412242011_nr_p_85_0?fst=as%3Aoff&rh=n%3A7141123011%2Cn%3A10445813011%2Cn%3A7147440011%2Cn%3A679337011%2Cn%3A6127771011%2Cn%3A10294505011%2Cn%3A3412242011%2Cp_85%3A2470955011&bbn=10445813011&ie=UTF8&qid=1448704189&rnid=2470954011,Other Sports Shoes,Women's Field Hockey & Lacrosse Shoes
http://www.amazon.com/s/ref=sr_nr_p_85_0?fst=as%3Aoff&rh=n%3A7141123011%2Cn%3A10445813011%2Cn%3A7147443011%2Cn%3A679182011%2Cn%3A6127768011%2Cn%3A3420550011%2Cp_85%3A2470955011&bbn=10445813011&ie=UTF8&qid=1448704206&rnid=2470954011,Other Sports Shoes,Boys' Running Shoes
http://www.amazon.com/s/ref=lp_3412255011_nr_p_85_0?fst=as%3Aoff&rh=n%3A7141123011%2Cn%3A10445813011%2Cn%3A7147440011%2Cn%3A679337011%2Cn%3A6127771011%2Cn%3A3412255011%2Cp_85%3A2470955011&bbn=10445813011&ie=UTF8&qid=1448704216&rnid=2470954011,Other Sports Shoes,Women's Track & Field & Cross Country Shoes
http://www.amazon.com/s/ref=sr_nr_p_85_0?fst=as%3Aoff&rh=n%3A7141123011%2Cn%3A10445813011%2Cn%3A7147443011%2Cn%3A679182011%2Cn%3A6127768011%2Cn%3A3420555011%2Cp_85%3A2470955011&bbn=10445813011&ie=UTF8&qid=1448704240&rnid=2470954011,Other Sports Shoes,Boys' Sport Sandals
http://www.amazon.com/s/ref=sr_nr_p_85_0?fst=as%3Aoff&rh=n%3A7141123011%2Cn%3A10445813011%2Cn%3A7147442011%2Cn%3A679217011%2Cn%3A6127769011%2Cn%3A3420796011%2Cp_85%3A2470955011&bbn=10445813011&ie=UTF8&qid=1448704282&rnid=2470954011,Other Sports Shoes,Girls' Dance Shoes
http://www.amazon.com/s?ie=UTF8&bbn=10445813011&page=1&rh=n%3A7141123011%2Cn%3A10445813011%2Cn%3A7147442011%2Cn%3A679217011%2Cn%3A6127769011%2Cn%3A3420821011,Other Sports Shoes,Girls' Running Shoes
http://www.amazon.com/s?ie=UTF8&bbn=10445813011&page=1&rh=n%3A7141123011%2Cn%3A10445813011%2Cn%3A7147441011%2Cn%3A679255011%2Cn%3A6127770011%2Cn%3A10294506011%2Cn%3A679260011%2Cp_85%3A2470955011,Other Sports Shoes,Men's Basketball Shoes
http://www.amazon.com/s?ie=UTF8&bbn=10445813011&page=1&rh=n%3A7141123011%2Cn%3A10445813011%2Cn%3A7147440011%2Cn%3A679337011%2Cn%3A6127771011%2Cn%3A679352011,Other Sports Shoes,Women's Cycling Shoes
http://www.amazon.com/s?ie=UTF8&bbn=10445813011&page=1&rh=n%3A7141123011%2Cn%3A10445813011%2Cn%3A7147440011%2Cn%3A679337011%2Cn%3A6127771011%2Cn%3A1264582011,Other Sports Shoes,Women's Trail Running Shoes
http://www.amazon.com/s?ie=UTF8&bbn=10445813011&page=1&rh=n%3A7141123011%2Cn%3A10445813011%2Cn%3A7147441011%2Cn%3A679255011%2Cn%3A6127770011%2Cn%3A679272011%2Cp_85%3A2470955011,Other Sports Shoes,Men's Cycling Shoes
http://www.amazon.com/s?ie=UTF8&bbn=10445813011&page=1&rh=n%3A7141123011%2Cn%3A10445813011%2Cn%3A7147440011%2Cn%3A679337011%2Cn%3A6127771011%2Cn%3A10294505011%2Cn%3A679341011,Other Sports Shoes,Women's Basketball Shoes
http://www.amazon.com/s/ref=lp_679286011_fapo?rh=n%3A7141123011%2Cn%3A7147441011%2Cn%3A679255011%2Cn%3A6127770011%2Cn%3A679286011&ie=UTF8&qid=1445884282&fap=1,Men's Running Shoes,Shoes
http://www.amazon.com/s?ie=UTF8&bbn=679307011&page=1&rh=n%3A7141123011%2Cn%3A7147441011%2Cn%3A679255011%2Cn%3A679307011%2Cp_85%3A2470955011,Men's Fashion Shoes,Shoes
http://www.amazon.com/s?ie=UTF8&bbn=10445813011&page=1&rh=n%3A7141123011%2Cn%3A10445813011%2Cn%3A7147441011%2Cn%3A679255011%2Cn%3A6127766011%2Cp_85%3A2470955011,Men's Fashion Shoes,Shoes
http://www.amazon.com/s?ie=UTF8&bbn=10445813011&page=1&rh=n%3A7141123011%2Cn%3A10445813011%2Cn%3A7147441011%2Cn%3A679255011%2Cn%3A679313011%2Cp_85%3A2470955011,Men's Fashion Shoes,Shoes
http://www.amazon.com/s?ie=UTF8&bbn=10445813011&page=1&rh=n%3A7141123011%2Cn%3A10445813011%2Cn%3A7147441011%2Cn%3A679255011%2Cn%3A679320011%2Cp_85%3A2470955011,Men's Fashion Shoes,Shoes
http://www.amazon.com/s?ie=UTF8&bbn=679312011&page=1&rh=n%3A7141123011%2Cn%3A7147441011%2Cn%3A679255011%2Cn%3A679312011%2Cp_85%3A2470955011,Men's Fashion Shoes,Shoes
http://www.amazon.com/s?ie=UTF8&bbn=10445813011&page=1&rh=n%3A7141123011%2Cn%3A10445813011%2Cn%3A7147441011%2Cn%3A679255011%2Cn%3A679324011%2Cp_85%3A2470955011,Men's Fashion Shoes,Men's Slippers
http://www.amazon.com/s?ie=UTF8&bbn=10445813011&page=1&rh=n%3A7141123011%2Cn%3A10445813011%2Cn%3A7147441011%2Cn%3A679255011%2Cn%3A679334011%2Cp_85%3A2470955011,Men's Fashion Shoes,Men's Work & Safety Footwear
http://www.amazon.com/s?ie=UTF8&bbn=10445813011&page=1&rh=n%3A7141123011%2Cn%3A10445813011%2Cn%3A7147441011%2Cn%3A679255011%2Cn%3A3420996011%2Cp_85%3A2470955011,Men's Fashion Shoes,Shoes
http://www.amazon.com/s?ie=UTF8&bbn=10445813011&page=1&rh=n%3A7141123011%2Cn%3A10445813011%2Cn%3A7147441011%2Cn%3A679255011%2Cn%3A679319011%2Cp_85%3A2470955011,Men's Fashion Shoes,Shoes
http://www.amazon.com/s?ie=UTF8&bbn=7175567011&page=1&rh=n%3A3760911%2Cn%3A%2112880941%2Cn%3A%21251285011%2Cn%3A7175545011%2Cn%3A7175567011%2Cp_85%3A2470955011,Health and Beauty,Luxury Shaving & Hair Removal
http://www.amazon.com/s?ie=UTF8&bbn=7243416011&page=1&rh=n%3A3760911%2Cn%3A%2112880941%2Cn%3A%21251285011%2Cn%3A7175545011%2Cn%3A7175562011%2Cn%3A7243416011%2Cp_85%3A2470955011,Health and Beauty,Luxury Eye Treatment Products
http://www.amazon.com/s?ie=UTF8&bbn=7243420011&page=1&rh=n%3A3760911%2Cn%3A%2112880941%2Cn%3A%21251285011%2Cn%3A7175545011%2Cn%3A7175562011%2Cn%3A7243420011%2Cp_n_feature_two_browse-bin%3A7506265011%2Cp_85%3A2470955011,Health and Beauty,Luxury Facial Skin Care Products
http://www.amazon.com/s?ie=UTF8&bbn=7243420011&page=1&rh=n%3A3760911%2Cn%3A%2112880941%2Cn%3A%21251285011%2Cn%3A7175545011%2Cn%3A7175562011%2Cn%3A7243420011%2Cp_n_feature_two_browse-bin%3A7506272011%2Cp_85%3A2470955011,Health and Beauty,Luxury Facial Skin Care Products
http://www.amazon.com/s?ie=UTF8&bbn=11060451&page=1&rh=n%3A3760911%2Cn%3A%2111055981%2Cn%3A11060451%2Cp_85%3A2470955011,Health and Beauty,Skin Care Products
http://www.amazon.com/s?ie=UTF8&bbn=7243404011&page=1&rh=n%3A3760911%2Cn%3A%2112880941%2Cn%3A%21251285011%2Cn%3A7175545011%2Cn%3A7175561011%2Cn%3A7243404011%2Cp_85%3A2470955011,Health and Beauty,Luxury Nail Polishs & Nail Decorations
http://www.amazon.com/s?ie=UTF8&bbn=7437332011&page=1&rh=n%3A3760911%2Cn%3A%2112880941%2Cn%3A%21251285011%2Cn%3A7175545011%2Cn%3A7437330011%2Cn%3A10898752011%2Cn%3A7437332011%2Cp_85%3A2470955011,Health and Beauty,Luxury Hair & Scalp Treatments
http://www.amazon.com/s?ie=UTF8&bbn=7437395011&page=1&rh=n%3A3760911%2Cn%3A%2112880941%2Cn%3A%21251285011%2Cn%3A7175545011%2Cn%3A7437395011%2Cn%3A7437420011%2Cp_85%3A2470955011,Health and Beauty,Luxury Hair Styling Tools
http://www.amazon.com/s?ie=UTF8&bbn=7437444011&page=1&rh=n%3A3760911%2Cn%3A%2112880941%2Cn%3A%21251285011%2Cn%3A7175545011%2Cn%3A7437395011%2Cn%3A7437444011%2Cp_85%3A2470955011,Health and Beauty,Luxury Makeup Brushes & Tools
http://www.amazon.com/s?ie=UTF8&bbn=7243360011&page=1&rh=n%3A3760911%2Cn%3A%2112880941%2Cn%3A%21251285011%2Cn%3A7175545011%2Cn%3A7175563011%2Cn%3A7243360011%2Cp_85%3A2470955011,Health and Beauty,Men's Luxury Colognes
http://www.amazon.com/s?ie=UTF8&bbn=7437331011&page=1&rh=n%3A3760911%2Cn%3A%2112880941%2Cn%3A%21251285011%2Cn%3A7175545011%2Cn%3A7437330011%2Cn%3A7437331011%2Cp_85%3A2470955011,Health and Beauty,Luxury Hair Conditioner
http://www.amazon.com/s?ie=UTF8&bbn=7437330011&page=1&rh=n%3A3760911%2Cn%3A%2112880941%2Cn%3A%21251285011%2Cn%3A7175545011%2Cn%3A7437330011%2Cp_n_target_audience_browse-bin%3A405780011%2Cp_85%3A2470955011,Health and Beauty,Luxury Hair Care Products
http://www.amazon.com/s?ie=UTF8&bbn=7243376011&page=1&rh=n%3A3760911%2Cn%3A%2112880941%2Cn%3A%21251285011%2Cn%3A7175545011%2Cn%3A7175561011%2Cn%3A7243376011%2Cp_85%3A2470955011,Health and Beauty,Luxury Eye Makeup
http://www.amazon.com/s?ie=UTF8&bbn=7243420011&page=1&rh=n%3A3760911%2Cn%3A%2112880941%2Cn%3A%21251285011%2Cn%3A7175545011%2Cn%3A7175562011%2Cn%3A7243420011%2Cp_n_feature_two_browse-bin%3A7506266011%2Cp_85%3A2470955011,Health and Beauty,Luxury Facial Skin Care Products
http://www.amazon.com/s?ie=UTF8&bbn=7175545011&page=1&rh=n%3A3760911%2Cn%3A%2112880941%2Cn%3A%21251285011%2Cn%3A7175545011%2Cp_6%3AATVPDKIKX0DER%2Cp_8%3A2229013011%2Cp_85%3A2470955011,Health and Beauty,All Departments
http://www.amazon.com/s?ie=UTF8&bbn=7243420011&page=1&rh=n%3A3760911%2Cn%3A%2112880941%2Cn%3A%21251285011%2Cn%3A7175545011%2Cn%3A7175562011%2Cn%3A7243420011%2Cp_n_feature_two_browse-bin%3A7506263011%2Cp_85%3A2470955011,Health and Beauty,Luxury Facial Skin Care Products
http://www.amazon.com/s?ie=UTF8&bbn=7437358011&page=1&rh=n%3A3760911%2Cn%3A%2112880941%2Cn%3A%21251285011%2Cn%3A7175545011%2Cn%3A7437330011%2Cn%3A7437358011%2Cp_85%3A2470955011,Health and Beauty,Luxury Hair Shampoo
http://www.amazon.com/s?ie=UTF8&bbn=7243429011&page=1&rh=n%3A3760911%2Cn%3A%2112880941%2Cn%3A%21251285011%2Cn%3A7175545011%2Cn%3A7175562011%2Cn%3A7243429011%2Cp_85%3A2470955011,Health and Beauty,Luxury Hand & Nail Care Products
http://www.amazon.com/s?ie=UTF8&bbn=7175545011&page=1&rh=n%3A3760911%2Cn%3A%2112880941%2Cn%3A%21251285011%2Cn%3A7175545011%2Cp_n_target_audience_browse-bin%3A405780011%2Cn%3A7175562011%2Cp_85%3A2470955011,Health and Beauty,Luxury Skin Care
http://www.amazon.com/s?ie=UTF8&bbn=12766688011&page=1&rh=n%3A3760911%2Cn%3A%2112880941%2Cn%3A%21251285011%2Cn%3A7175545011%2Cn%3A%218323141011%2Cn%3A12766688011%2Cp_85%3A2470955011,Health and Beauty,Devices
http://www.amazon.com/s?ie=UTF8&bbn=7463069011&page=1&rh=n%3A3760911%2Cn%3A%2112880941%2Cn%3A%21251285011%2Cn%3A7175545011%2Cn%3A7463069011%2Cp_85%3A2470955011,Health and Beauty,Luxury Bath & Body Products
http://www.amazon.com/s?ie=UTF8&bbn=7437359011&page=1&rh=n%3A3760911%2Cn%3A%2112880941%2Cn%3A%21251285011%2Cn%3A7175545011%2Cn%3A7437330011%2Cn%3A7437359011%2Cp_85%3A2470955011,Health and Beauty,Luxury Hair Styling Products
http://www.amazon.com/s?ie=UTF8&bbn=7243420011&page=1&rh=n%3A3760911%2Cn%3A%2112880941%2Cn%3A%21251285011%2Cn%3A7175545011%2Cn%3A7175562011%2Cn%3A7243420011%2Cp_n_feature_two_browse-bin%3A7506268011%2Cp_85%3A2470955011,Health and Beauty,Luxury Facial Skin Care Products
http://www.amazon.com/s?ie=UTF8&bbn=10238974011&page=1&rh=n%3A3760911%2Cn%3A%2112880941%2Cn%3A%21251285011%2Cn%3A7175545011%2Cn%3A%218323141011%2Cn%3A10238974011%2Cp_85%3A2470955011,Health and Beauty,Fragrance Sets
http://www.amazon.com/s?ie=UTF8&bbn=7243410011&page=1&rh=n%3A3760911%2Cn%3A%2112880941%2Cn%3A%21251285011%2Cn%3A7175545011%2Cn%3A7175562011%2Cn%3A7243410011%2Cp_85%3A2470955011,Health and Beauty,Luxury Body Care Products
http://www.amazon.com/s?ie=UTF8&bbn=7437395011&page=1&rh=n%3A3760911%2Cn%3A%2112880941%2Cn%3A%21251285011%2Cn%3A7175545011%2Cn%3A7437395011%2Cp_6%3AATVPDKIKX0DER%2Cp_85%3A2470955011,Health and Beauty,Luxury Beauty Tools & Accessories
http://www.amazon.com/s?ie=UTF8&bbn=11058281&page=1&rh=n%3A3760911%2Cn%3A%2111055981%2Cn%3A11058281%2Cp_85%3A2470955011,Health and Beauty,Makeup
http://www.amazon.com/s?ie=UTF8&bbn=7243420011&page=1&rh=n%3A3760911%2Cn%3A%2112880941%2Cn%3A%21251285011%2Cn%3A7175545011%2Cn%3A7175562011%2Cn%3A7243420011%2Cp_85%3A2470955011,Health and Beauty,Luxury Facial Skin Care Products
http://www.amazon.com/s?ie=UTF8&bbn=7437371011&page=1&rh=n%3A3760911%2Cn%3A%2112880941%2Cn%3A%21251285011%2Cn%3A7175545011%2Cn%3A7437330011%2Cn%3A7437371011%2Cp_85%3A2470955011,Health and Beauty,Luxury Hair Tools & Appliances
http://www.amazon.com/s?ie=UTF8&bbn=11062741&page=1&rh=n%3A3760911%2Cn%3A%2111055981%2Cn%3A11062741%2Cp_85%3A2470955011,Health and Beauty,Beauty Tools & Accessories
http://www.amazon.com/s?ie=UTF8&bbn=11055991&page=1&rh=n%3A3760911%2Cn%3A%2111055981%2Cn%3A11055991%2Cp_85%3A2470955011,Health and Beauty,Bath & Body Care
http://www.amazon.com/s?ie=UTF8&bbn=7437465011&page=1&rh=n%3A3760911%2Cn%3A%2112880941%2Cn%3A%21251285011%2Cn%3A7175545011%2Cn%3A7437395011%2Cn%3A7437465011%2Cp_85%3A2470955011,Health and Beauty,Luxury Nail Tools
http://www.amazon.com/s?ie=UTF8&bbn=7243353011&page=1&rh=n%3A3760911%2Cn%3A%2112880941%2Cn%3A%21251285011%2Cn%3A7175545011%2Cn%3A7175563011%2Cn%3A7243353011%2Cp_85%3A2470955011,Health and Beauty,Women's Luxury Fragrances
http://www.amazon.com/s?ie=UTF8&bbn=7243391011&page=1&rh=n%3A3760911%2Cn%3A%2112880941%2Cn%3A%21251285011%2Cn%3A7175545011%2Cn%3A7175561011%2Cn%3A7243391011%2Cp_85%3A2470955011,Health and Beauty,Luxury Lip Makeup
http://www.amazon.com/s?ie=UTF8&bbn=7437396011&page=1&rh=n%3A3760911%2Cn%3A%2112880941%2Cn%3A%21251285011%2Cn%3A7175545011%2Cn%3A7437395011%2Cn%3A7437396011%2Cp_85%3A2470955011,Health and Beauty,Luxury Makeup Bags
http://www.amazon.com/s?ie=UTF8&bbn=7175545011&page=1&rh=n%3A3760911%2Cn%3A%2112880941%2Cn%3A%21251285011%2Cn%3A7175545011%2Cp_6%3AATVPDKIKX0DER%2Cp_8%3A2229013011%2Cn%3A7463069011%2Cp_85%3A2470955011,Health and Beauty,Luxury Bath & Body Products
http://www.amazon.com/s?ie=UTF8&bbn=11057241&page=1&rh=n%3A3760911%2Cn%3A%2111055981%2Cn%3A11057241%2Cp_85%3A2470955011,Health and Beauty,Hair Care Products
http://www.amazon.com/s?ie=UTF8&bbn=7243384011&page=1&rh=n%3A3760911%2Cn%3A%2112880941%2Cn%3A%21251285011%2Cn%3A7175545011%2Cn%3A7175561011%2Cn%3A7243384011%2Cp_85%3A2470955011,Health and Beauty,Luxury Face Makeup
http://www.amazon.com/s?ie=UTF8&bbn=7243366011&page=1&rh=n%3A3760911%2Cn%3A%2112880941%2Cn%3A%21251285011%2Cn%3A7175545011%2Cn%3A7175563011%2Cn%3A7243366011%2Cp_85%3A2470955011,Health and Beauty,Luxury Fragrance Collection Candles & Home Scents
http://www.amazon.com/s?ie=UTF8&bbn=10048714011&page=1&rh=n%3A172282%2Cn%3A%21493964%2Cn%3A502394%2Cn%3A7161073011%2Cn%3A10048714011%2Cp_85%3A2470955011,Electronics,Body Mounted Video Cameras
http://www.amazon.com/s?ie=UTF8&bbn=1077068&page=1&rh=n%3A172282%2Cn%3A%21493964%2Cn%3A3248684011%2Cn%3A1077068%2Cn%3A226183%2Cp_85%3A2470955011,Electronics,Portable CB Radios
http://www.amazon.com/s?ie=UTF8&bbn=1077068&page=1&rh=n%3A172282%2Cn%3A%21493964%2Cn%3A3248684011%2Cn%3A1077068%2Cn%3A10981321%2Cp_85%3A2470955011,Electronics,Car Audio & Video Dash Mounting Kits
http://www.amazon.com/s?ie=UTF8&bbn=2348628011&page=1&rh=n%3A172282%2Cn%3A%21493964%2Cn%3A541966%2Cn%3A2348628011%2Cp_85%3A2470955011,Electronics,Tablet Accessories
http://www.amazon.com/s?ie=UTF8&bbn=3015428011&page=1&rh=n%3A172282%2Cn%3A%21493964%2Cn%3A541966%2Cn%3A3012292011%2Cn%3A3015428011%2Cp_85%3A2470955011,Electronics,External TV Tuners
http://www.amazon.com/s?ie=UTF8&bbn=15736151&page=1&rh=n%3A15684181%2Cn%3A%2115690151%2Cn%3A15857501%2Cn%3A15735141%2Cn%3A15736151%2Cp_85%3A2470955011,Electronics,Antitheft Remote Starters
http://www.amazon.com/s?ie=UTF8&bbn=8849530011&page=1&rh=n%3A8849530011%2Cp_85%3A2470955011,Electronics,Wearable Technology: Tracking Devices
http://www.amazon.com/s?ie=UTF8&bbn=1048424&page=1&rh=n%3A172282%2Cn%3A%21493964%2Cn%3A541966%2Cn%3A193870011%2Cn%3A1048424%2Cp_85%3A2470955011,Electronics,Computer Motherboards
http://www.amazon.com/s?ie=UTF8&bbn=172529&page=1&rh=n%3A172282%2Cn%3A%21493964%2Cn%3A3248684011%2Cn%3A10981291%2Cn%3A172529%2Cp_85%3A2470955011,Electronics,Radar Detectors
http://www.amazon.com/s?ie=UTF8&bbn=578684&page=1&rh=n%3A172282%2Cn%3A%21493964%2Cn%3A281407%2Cn%3A172532%2Cn%3A578684%2Cp_85%3A2470955011,Electronics,Audio & Video Speaker Accessories
http://www.amazon.com/s?ie=UTF8&bbn=172508&page=1&rh=n%3A172282%2Cn%3A%21493964%2Cn%3A541966%2Cn%3A193870011%2Cn%3A172508%2Cp_85%3A2470955011,Electronics,Computer Internal Modems
http://www.amazon.com/s?ie=UTF8&bbn=11232059011&page=1&rh=n%3A172282%2Cn%3A%2113900851%2Cn%3A%212334089011%2Cn%3A%212334151011%2Cn%3A11232059011%2Cp_85%3A2470955011,Electronics,Wearable Technology: Kids & Pets
http://www.amazon.com/s?ie=UTF8&bbn=15735171&page=1&rh=n%3A15684181%2Cn%3A%2115690151%2Cn%3A15857501%2Cn%3A15735141%2Cn%3A15735171%2Cp_85%3A2470955011,Electronics,Antitheft Locking Devices
http://www.amazon.com/s?ie=UTF8&bbn=3248689011&page=1&rh=n%3A172282%2Cn%3A%21493964%2Cn%3A3248684011%2Cn%3A1077068%2Cn%3A10980521%2Cn%3A3248689011%2Cp_85%3A2470955011,Electronics,Car On-Dash Mounted Video
http://www.amazon.com/s?ie=UTF8&bbn=1293683011&page=1&rh=n%3A172282%2Cn%3A%21493964%2Cn%3A3248684011%2Cn%3A1077068%2Cn%3A10980521%2Cn%3A1293683011%2Cp_85%3A2470955011,Electronics,Car Video Headphones
http://www.amazon.com/s?ie=UTF8&bbn=8849528011&page=1&rh=n%3A8849528011%2Cp_85%3A2470955011,Electronics,Wearable Technology: Healthcare Devices
http://www.amazon.com/s?ie=UTF8&bbn=202505011&page=1&rh=n%3A172282%2Cn%3A%21493964%2Cn%3A281407%2Cn%3A172532%2Cn%3A172540%2Cn%3A464418%2Cn%3A202505011%2Cp_85%3A2470955011,Electronics,HDMI Cables
http://www.amazon.com/s?ie=UTF8&bbn=1253823011&page=1&rh=n%3A172282%2Cn%3A%21493964%2Cn%3A3248684011%2Cn%3A1077068%2Cn%3A3008971%2Cn%3A1253823011%2Cp_85%3A2470955011,Electronics,Vehicle Backup Cameras
http://www.amazon.com/s?ie=UTF8&bbn=284823&page=1&rh=n%3A172282%2Cn%3A%21493964%2Cn%3A541966%2Cn%3A193870011%2Cn%3A284823%2Cp_85%3A2470955011,Electronics,Computer Internal Sound Cards
http://www.amazon.com/s?ie=UTF8&bbn=193870011&page=1&rh=n%3A172282%2Cn%3A%21493964%2Cn%3A541966%2Cn%3A193870011%2Cn%3A6795229011%2Cp_85%3A2470955011,Electronics,Laptop Computer Replacement Parts
http://www.amazon.com/s?ie=UTF8&bbn=7939901011&page=1&rh=n%3A172282%2Cn%3A%21493964%2Cn%3A10048700011%2Cn%3A7939901011%2Cp_85%3A2470955011,Electronics,Smart Watches
http://www.amazon.com/s?ie=UTF8&bbn=172511&page=1&rh=n%3A172282%2Cn%3A%21493964%2Cn%3A541966%2Cn%3A172456%2Cn%3A11548951011%2Cn%3A172511%2Cp_85%3A2470955011,Electronics,Webcams
http://www.amazon.com/s?ie=UTF8&bbn=8849526011&page=1&rh=n%3A8849526011%2Cp_85%3A2470955011,Electronics,Wearable Technology: Activity Trackers
http://www.amazon.com/s?ie=UTF8&bbn=172463&page=1&rh=n%3A172282%2Cn%3A%21493964%2Cn%3A541966%2Cn%3A172456%2Cn%3A172463%2Cp_85%3A2470955011,Electronics,Computer Cables & Interconnects
http://www.amazon.com/s?ie=UTF8&bbn=3248687011&page=1&rh=n%3A172282%2Cn%3A%21493964%2Cn%3A3248684011%2Cn%3A1077068%2Cn%3A10980521%2Cn%3A3248687011%2Cp_85%3A2470955011,Electronics,Car In-Mirror Mounted Video
http://www.amazon.com/s?ie=UTF8&bbn=10966881&page=1&rh=n%3A172282%2Cn%3A%21493964%2Cn%3A281407%2Cn%3A172532%2Cn%3A10966881%2Cp_85%3A2470955011,Electronics,Audio & Video Antennas
http://www.amazon.com/s?ie=UTF8&bbn=319595011&page=1&rh=n%3A172282%2Cn%3A%21493964%2Cn%3A3248684011%2Cn%3A1077068%2Cn%3A10980521%2Cn%3A319595011%2Cp_85%3A2470955011,Electronics,In-Dash Navigation Vehicle GPS Units
http://www.amazon.com/s?ie=UTF8&bbn=1292110011&page=1&rh=n%3A172282%2Cn%3A%21493964%2Cn%3A541966%2Cn%3A1292110011%2Cp_85%3A2470955011,Electronics,Data Storage
http://www.amazon.com/s?ie=UTF8&bbn=3012290011&page=1&rh=n%3A172282%2Cn%3A%21493964%2Cn%3A541966%2Cn%3A193870011%2Cn%3A3012290011%2Cp_85%3A2470955011,Electronics,Internal Fans & Cooling Components
http://www.amazon.com/s?ie=UTF8&bbn=10048708011&page=1&rh=n%3A172282%2Cn%3A%21493964%2Cn%3A10048700011%2Cn%3A10048708011%2Cp_85%3A2470955011,Electronics,Smart Glasses
http://www.amazon.com/s?ie=UTF8&bbn=10967581&page=1&rh=n%3A172282%2Cn%3A%21493964%2Cn%3A281407%2Cn%3A172532%2Cn%3A173244%2Cn%3A10967581%2Cp_85%3A2470955011,Electronics,TV Remote Controls
http://www.amazon.com/s?ie=UTF8&bbn=15735151&page=1&rh=n%3A15684181%2Cn%3A%2115690151%2Cn%3A15857501%2Cn%3A15735141%2Cn%3A15735151%2Cp_85%3A2470955011,Electronics,Antitheft Accessories
http://www.amazon.com/s?ie=UTF8&bbn=15735161&page=1&rh=n%3A15684181%2Cn%3A%2115690151%2Cn%3A15857501%2Cn%3A15735141%2Cn%3A15735161%2Cp_85%3A2470955011,Electronics,Antitheft Alarm Systems
http://www.amazon.com/s?ie=UTF8&bbn=3012291011&page=1&rh=n%3A172282%2Cn%3A%21493964%2Cn%3A541966%2Cn%3A193870011%2Cn%3A3012291011%2Cp_85%3A2470955011,Electronics,Network I/O Port Cards
http://www.amazon.com/s?ie=UTF8&bbn=172500&page=1&rh=n%3A172282%2Cn%3A%21493964%2Cn%3A541966%2Cn%3A193870011%2Cn%3A172500%2Cp_85%3A2470955011,Electronics,Computer Memory
http://www.amazon.com/s?ie=UTF8&bbn=3015426011&page=1&rh=n%3A172282%2Cn%3A%21493964%2Cn%3A541966%2Cn%3A193870011%2Cn%3A3015426011%2Cp_85%3A2470955011,Electronics,Desktop Barebones
http://www.amazon.com/s?ie=UTF8&bbn=284822&page=1&rh=n%3A172282%2Cn%3A%21493964%2Cn%3A541966%2Cn%3A193870011%2Cn%3A284822%2Cp_85%3A2470955011,Electronics,Computer Graphics Cards
http://www.amazon.com/s?ie=UTF8&bbn=1077068&page=1&rh=n%3A172282%2Cn%3A%21493964%2Cn%3A3248684011%2Cn%3A1077068%2Cn%3A5811986011%2Cp_85%3A2470955011,Electronics,Vehicle GPS Tracking and Monitoring Modules
http://www.amazon.com/s?ie=UTF8&bbn=760796&page=1&rh=n%3A172282%2Cn%3A%21493964%2Cn%3A281407%2Cn%3A172532%2Cn%3A172664%2Cn%3A760796%2Cp_85%3A2470955011,Electronics,TV Mounts
http://www.amazon.com/s?ie=UTF8&bbn=1292107011&page=1&rh=n%3A172282%2Cn%3A%21493964%2Cn%3A541966%2Cn%3A193870011%2Cn%3A1292107011%2Cp_85%3A2470955011,Electronics,Internal Optical Drives
http://www.amazon.com/s?ie=UTF8&bbn=15736141&page=1&rh=n%3A15684181%2Cn%3A%2115690151%2Cn%3A15857501%2Cn%3A15735141%2Cn%3A15736141%2Cp_85%3A2470955011,Electronics,Antitheft Keyless Entry Systems
http://www.amazon.com/s?ie=UTF8&bbn=1077068&page=1&rh=n%3A172282%2Cn%3A%21493964%2Cn%3A3248684011%2Cn%3A1077068%2Cn%3A10981311%2Cp_85%3A2470955011,Electronics,Car Audio & Video Installation Products